coin,url,cat,lang,meta_title,h1,h2__title,p_information,button__link,log__info,img__url
apple,apple,apple,en,apple EN, TITLE EN apple,Apple Inc. <br>AAPL,"EN Lorem ipsum dolor sit amet, consectetur adipisicing elit, sed do eiusmod tempor incididunt ut labore et dolore magna aliqua. Ut enim ad minim veniam, iatur. Excepteur sint occaecat cupidatat non pNeque porro quisquam est, qui dolorem ipsum quia dolor sit amet, consectetur, adipisci velit, sed quia non numquam eius modi tempora incidunt ut labore et dolore",Trade APPL Shares,Learn more about trading APPL shares,images/apple-logo-shadow-desktop.png
apple,apple,apple,it,apple IT, TITLE IT apple,Apple Inc. <br>AAPL,"IT Lorem ipsum dolor sit amet, consectetur adipisicing elit, sed do eiusmod tempor incididunt ut labore et dolore magna aliqua. Ut enim ad minim veniam, iatur. Excepteur sint occaecat cupidatat non pNeque porro quisquam est, qui dolorem ipsum quia dolor sit amet, consectetur, adipisci velit, sed quia non numquam eius modi tempora incidunt ut labore et dolore",Trade APPL Shares,Learn more about trading APPL shares,images/apple-logo-shadow-desktop.png
apple,apple,apple,es,apple ES, TITLE ES apple,Apple Inc. <br>AAPL,"ES Lorem ipsum dolor sit amet, consectetur adipisicing elit, sed do eiusmod tempor incididunt ut labore et dolore magna aliqua. Ut enim ad minim veniam, iatur. Excepteur sint occaecat cupidatat non pNeque porro quisquam est, qui dolorem ipsum quia dolor sit amet, consectetur, adipisci velit, sed quia non numquam eius modi tempora incidunt ut labore et dolore",Trade APPL Shares,Learn more about trading APPL shares,images/apple-logo-shadow-desktop.png
apple,apple,apple,de,apple DE, TITLE DE apple,Apple Inc. <br>AAPL,"DE Lorem ipsum dolor sit amet, consectetur adipisicing elit, sed do eiusmod tempor incididunt ut labore et dolore magna aliqua. Ut enim ad minim veniam, iatur. Excepteur sint occaecat cupidatat non pNeque porro quisquam est, qui dolorem ipsum quia dolor sit amet, consectetur, adipisci velit, sed quia non numquam eius modi tempora incidunt ut labore et dolore",Trade APPL Shares,Learn more about trading APPL shares,images/apple-logo-shadow-desktop.png
apple,apple,apple,ru,apple RU, TITLE RU apple,Apple Inc. <br>AAPL,"RU Lorem ipsum dolor sit amet, consectetur adipisicing elit, sed do eiusmod tempor incididunt ut labore et dolore magna aliqua. Ut enim ad minim veniam, iatur. Excepteur sint occaecat cupidatat non pNeque porro quisquam est, qui dolorem ipsum quia dolor sit amet, consectetur, adipisci velit, sed quia non numquam eius modi tempora incidunt ut labore et dolore",Trade APPL Shares,Learn more about trading APPL shares,images/apple-logo-shadow-desktop.png
apple,apple,apple,ar,apple AR, TITLE AR apple,Apple Inc. <br>AAPL,"AR Lorem ipsum dolor sit amet, consectetur adipisicing elit, sed do eiusmod tempor incididunt ut labore et dolore magna aliqua. Ut enim ad minim veniam, iatur. Excepteur sint occaecat cupidatat non pNeque porro quisquam est, qui dolorem ipsum quia dolor sit amet, consectetur, adipisci velit, sed quia non numquam eius modi tempora incidunt ut labore et dolore",Trade APPL Shares,Learn more about trading APPL shares,images/apple-logo-shadow-desktop.png
apple,apple,apple,pl,apple PL, TITLE PL apple,Apple Inc. <br>AAPL,"PL Lorem ipsum dolor sit amet, consectetur adipisicing elit, sed do eiusmod tempor incididunt ut labore et dolore magna aliqua. Ut enim ad minim veniam, iatur. Excepteur sint occaecat cupidatat non pNeque porro quisquam est, qui dolorem ipsum quia dolor sit amet, consectetur, adipisci velit, sed quia non numquam eius modi tempora incidunt ut labore et dolore",Trade APPL Shares,Learn more about trading APPL shares,images/apple-logo-shadow-desktop.png
facebook,facebook,facebook,en,facebook EN, TITLE EN facebook,Facebook <br>FB,"EN Lorem ipsum dolor sit amet, consectetur adipisicing elit, sed do eiusmod tempor incididunt ut labore et dolore magna aliqua. Ut enim ad minim veniam, iatur. Excepteur sint occaecat cupidatat non pNeque porro quisquam est, qui dolorem ipsum quia dolor sit amet, consectetur, adipisci velit, sed quia non numquam eius modi tempora incidunt ut labore et dolore",Trade APPL Shares,Learn more about trading APPL shares,images/facebookn.png
facebook,facebook,facebook,it,facebook IT, TITLE IT facebook,Facebook <br>FB,"IT Lorem ipsum dolor sit amet, consectetur adipisicing elit, sed do eiusmod tempor incididunt ut labore et dolore magna aliqua. Ut enim ad minim veniam, iatur. Excepteur sint occaecat cupidatat non pNeque porro quisquam est, qui dolorem ipsum quia dolor sit amet, consectetur, adipisci velit, sed quia non numquam eius modi tempora incidunt ut labore et dolore",Trade APPL Shares,Learn more about trading APPL shares,images/facebookn.png
facebook,facebook,facebook,es,facebook ES, TITLE ES facebook,Facebook <br>FB,"ES Lorem ipsum dolor sit amet, consectetur adipisicing elit, sed do eiusmod tempor incididunt ut labore et dolore magna aliqua. Ut enim ad minim veniam, iatur. Excepteur sint occaecat cupidatat non pNeque porro quisquam est, qui dolorem ipsum quia dolor sit amet, consectetur, adipisci velit, sed quia non numquam eius modi tempora incidunt ut labore et dolore",Trade APPL Shares,Learn more about trading APPL shares,images/facebookn.png
facebook,facebook,facebook,de,facebook DE, TITLE DE facebook,Facebook <br>FB,"DE Lorem ipsum dolor sit amet, consectetur adipisicing elit, sed do eiusmod tempor incididunt ut labore et dolore magna aliqua. Ut enim ad minim veniam, iatur. Excepteur sint occaecat cupidatat non pNeque porro quisquam est, qui dolorem ipsum quia dolor sit amet, consectetur, adipisci velit, sed quia non numquam eius modi tempora incidunt ut labore et dolore",Trade APPL Shares,Learn more about trading APPL shares,images/facebookn.png
facebook,facebook,facebook,ru,facebook RU, TITLE RU facebook,Facebook <br>FB,"RU Lorem ipsum dolor sit amet, consectetur adipisicing elit, sed do eiusmod tempor incididunt ut labore et dolore magna aliqua. Ut enim ad minim veniam, iatur. Excepteur sint occaecat cupidatat non pNeque porro quisquam est, qui dolorem ipsum quia dolor sit amet, consectetur, adipisci velit, sed quia non numquam eius modi tempora incidunt ut labore et dolore",Trade APPL Shares,Learn more about trading APPL shares,images/facebookn.png
facebook,facebook,facebook,ar,facebook AR, TITLE AR facebook,Facebook <br>FB,"AR Lorem ipsum dolor sit amet, consectetur adipisicing elit, sed do eiusmod tempor incididunt ut labore et dolore magna aliqua. Ut enim ad minim veniam, iatur. Excepteur sint occaecat cupidatat non pNeque porro quisquam est, qui dolorem ipsum quia dolor sit amet, consectetur, adipisci velit, sed quia non numquam eius modi tempora incidunt ut labore et dolore",Trade APPL Shares,Learn more about trading APPL shares,images/facebookn.png
facebook,facebook,facebook,pl,facebook PL, TITLE PL facebook,Facebook <br>FB,"PL Lorem ipsum dolor sit amet, consectetur adipisicing elit, sed do eiusmod tempor incididunt ut labore et dolore magna aliqua. Ut enim ad minim veniam, iatur. Excepteur sint occaecat cupidatat non pNeque porro quisquam est, qui dolorem ipsum quia dolor sit amet, consectetur, adipisci velit, sed quia non numquam eius modi tempora incidunt ut labore et dolore",Trade APPL Shares,Learn more about trading APPL shares,images/facebookn.png
coca-cola,coca-cola,coca-cola,en,coca-cola EN, TITLE EN coca-cola,Apple Inc. <br>AAPL,"EN Lorem ipsum dolor sit amet, consectetur adipisicing elit, sed do eiusmod tempor incididunt ut labore et dolore magna aliqua. Ut enim ad minim veniam, iatur. Excepteur sint occaecat cupidatat non pNeque porro quisquam est, qui dolorem ipsum quia dolor sit amet, consectetur, adipisci velit, sed quia non numquam eius modi tempora incidunt ut labore et dolore",Trade APPL Shares,Learn more about trading APPL shares,images/trend_line.png
coca-cola,coca-cola,coca-cola,it,coca-cola IT, TITLE IT coca-cola,Apple Inc. <br>AAPL,"IT Lorem ipsum dolor sit amet, consectetur adipisicing elit, sed do eiusmod tempor incididunt ut labore et dolore magna aliqua. Ut enim ad minim veniam, iatur. Excepteur sint occaecat cupidatat non pNeque porro quisquam est, qui dolorem ipsum quia dolor sit amet, consectetur, adipisci velit, sed quia non numquam eius modi tempora incidunt ut labore et dolore",Trade APPL Shares,Learn more about trading APPL shares,images/trend_line.png
coca-cola,coca-cola,coca-cola,es,coca-cola ES, TITLE ES coca-cola,Apple Inc. <br>AAPL,"ES Lorem ipsum dolor sit amet, consectetur adipisicing elit, sed do eiusmod tempor incididunt ut labore et dolore magna aliqua. Ut enim ad minim veniam, iatur. Excepteur sint occaecat cupidatat non pNeque porro quisquam est, qui dolorem ipsum quia dolor sit amet, consectetur, adipisci velit, sed quia non numquam eius modi tempora incidunt ut labore et dolore",Trade APPL Shares,Learn more about trading APPL shares,images/trend_line.png
coca-cola,coca-cola,coca-cola,de,coca-cola DE, TITLE DE coca-cola,Apple Inc. <br>AAPL,"DE Lorem ipsum dolor sit amet, consectetur adipisicing elit, sed do eiusmod tempor incididunt ut labore et dolore magna aliqua. Ut enim ad minim veniam, iatur. Excepteur sint occaecat cupidatat non pNeque porro quisquam est, qui dolorem ipsum quia dolor sit amet, consectetur, adipisci velit, sed quia non numquam eius modi tempora incidunt ut labore et dolore",Trade APPL Shares,Learn more about trading APPL shares,images/trend_line.png
coca-cola,coca-cola,coca-cola,ru,coca-cola RU, TITLE RU coca-cola,Apple Inc. <br>AAPL,"RU Lorem ipsum dolor sit amet, consectetur adipisicing elit, sed do eiusmod tempor incididunt ut labore et dolore magna aliqua. Ut enim ad minim veniam, iatur. Excepteur sint occaecat cupidatat non pNeque porro quisquam est, qui dolorem ipsum quia dolor sit amet, consectetur, adipisci velit, sed quia non numquam eius modi tempora incidunt ut labore et dolore",Trade APPL Shares,Learn more about trading APPL shares,images/trend_line.png
coca-cola,coca-cola,coca-cola,ar,coca-cola AR, TITLE AR coca-cola,Apple Inc. <br>AAPL,"AR Lorem ipsum dolor sit amet, consectetur adipisicing elit, sed do eiusmod tempor incididunt ut labore et dolore magna aliqua. Ut enim ad minim veniam, iatur. Excepteur sint occaecat cupidatat non pNeque porro quisquam est, qui dolorem ipsum quia dolor sit amet, consectetur, adipisci velit, sed quia non numquam eius modi tempora incidunt ut labore et dolore",Trade APPL Shares,Learn more about trading APPL shares,images/trend_line.png
coca-cola,coca-cola,coca-cola,pl,coca-cola PL, TITLE PL coca-cola,Apple Inc. <br>AAPL,"PL Lorem ipsum dolor sit amet, consectetur adipisicing elit, sed do eiusmod tempor incididunt ut labore et dolore magna aliqua. Ut enim ad minim veniam, iatur. Excepteur sint occaecat cupidatat non pNeque porro quisquam est, qui dolorem ipsum quia dolor sit amet, consectetur, adipisci velit, sed quia non numquam eius modi tempora incidunt ut labore et dolore",Trade APPL Shares,Learn more about trading APPL shares,images/trend_line.png
spotify,spotify,spotify,en,spotify EN, TITLE EN spotify,Spotify <br>AMZN,"EN Lorem ipsum dolor sit amet, consectetur adipisicing elit, sed do eiusmod tempor incididunt ut labore et dolore magna aliqua. Ut enim ad minim veniam, iatur. Excepteur sint occaecat cupidatat non pNeque porro quisquam est, qui dolorem ipsum quia dolor sit amet, consectetur, adipisci velit, sed quia non numquam eius modi tempora incidunt ut labore et dolore",Trade APPL Shares,Learn more about trading APPL shares,images/vector.png
spotify,spotify,spotify,it,spotify IT, TITLE IT spotify,Spotify <br>AMZN,"IT Lorem ipsum dolor sit amet, consectetur adipisicing elit, sed do eiusmod tempor incididunt ut labore et dolore magna aliqua. Ut enim ad minim veniam, iatur. Excepteur sint occaecat cupidatat non pNeque porro quisquam est, qui dolorem ipsum quia dolor sit amet, consectetur, adipisci velit, sed quia non numquam eius modi tempora incidunt ut labore et dolore",Trade APPL Shares,Learn more about trading APPL shares,images/vector.png
spotify,spotify,spotify,es,spotify ES, TITLE ES spotify,Spotify <br>AMZN,"ES Lorem ipsum dolor sit amet, consectetur adipisicing elit, sed do eiusmod tempor incididunt ut labore et dolore magna aliqua. Ut enim ad minim veniam, iatur. Excepteur sint occaecat cupidatat non pNeque porro quisquam est, qui dolorem ipsum quia dolor sit amet, consectetur, adipisci velit, sed quia non numquam eius modi tempora incidunt ut labore et dolore",Trade APPL Shares,Learn more about trading APPL shares,images/vector.png
spotify,spotify,spotify,de,spotify DE, TITLE DE spotify,Spotify <br>AMZN,"DE Lorem ipsum dolor sit amet, consectetur adipisicing elit, sed do eiusmod tempor incididunt ut labore et dolore magna aliqua. Ut enim ad minim veniam, iatur. Excepteur sint occaecat cupidatat non pNeque porro quisquam est, qui dolorem ipsum quia dolor sit amet, consectetur, adipisci velit, sed quia non numquam eius modi tempora incidunt ut labore et dolore",Trade APPL Shares,Learn more about trading APPL shares,images/vector.png
spotify,spotify,spotify,ru,spotify RU, TITLE RU spotify,Spotify <br>AMZN,"RU Lorem ipsum dolor sit amet, consectetur adipisicing elit, sed do eiusmod tempor incididunt ut labore et dolore magna aliqua. Ut enim ad minim veniam, iatur. Excepteur sint occaecat cupidatat non pNeque porro quisquam est, qui dolorem ipsum quia dolor sit amet, consectetur, adipisci velit, sed quia non numquam eius modi tempora incidunt ut labore et dolore",Trade APPL Shares,Learn more about trading APPL shares,images/vector.png
spotify,spotify,spotify,ar,spotify AR, TITLE AR spotify,Spotify <br>AMZN,"AR Lorem ipsum dolor sit amet, consectetur adipisicing elit, sed do eiusmod tempor incididunt ut labore et dolore magna aliqua. Ut enim ad minim veniam, iatur. Excepteur sint occaecat cupidatat non pNeque porro quisquam est, qui dolorem ipsum quia dolor sit amet, consectetur, adipisci velit, sed quia non numquam eius modi tempora incidunt ut labore et dolore",Trade APPL Shares,Learn more about trading APPL shares,images/vector.png
spotify,spotify,spotify,pl,spotify PL, TITLE PL spotify,Spotify <br>AMZN,"PL Lorem ipsum dolor sit amet, consectetur adipisicing elit, sed do eiusmod tempor incididunt ut labore et dolore magna aliqua. Ut enim ad minim veniam, iatur. Excepteur sint occaecat cupidatat non pNeque porro quisquam est, qui dolorem ipsum quia dolor sit amet, consectetur, adipisci velit, sed quia non numquam eius modi tempora incidunt ut labore et dolore",Trade APPL Shares,Learn more about trading APPL shares,images/vector.png
